Index,CV,KV
1,0,0
2,0.7,0.002988
3,1.6,0.006076
4,2.5,0.009164
5,3.4,0.012252
6,4.3,0.01534
7,5.2,0.018428
8,6.1,0.021516
9,7,0.024604
10,7.9,0.027692
11,8.8,0.03078
